store_path,path,arch,size,linker_signed,cd_flags,page_size,n_code_slots,code_limit,n_mismatches,first_bad_page,first_bad_offset,fat_variant,cms_blob_length,has_entitlements,has_entitlements_der,n_alternate_cds,signature_class
/nix/store/0r8fwgnqldbpzd65fayyaa1d7ik2z3lc-filen-cli-0.0.36,bin/.filen-wrapped,arm64,73769890,True,131074,4096,17871,73197904,1,17870,73195520,thin,0,False,False,0,L
/nix/store/18jmwdml857xgwsnalfpy4922av79fzf-opencode-1.15.10,bin/.opencode-wrapped,arm64,106992034,True,131074,4096,25919,106162512,1,25918,106160128,thin,0,False,False,0,L
/nix/store/i196v0y1ikg78c782qi9qbjmr2pzia2l-tailwindcss_4-4.3.1,bin/.tailwindcss-wrapped,arm64,79759970,True,131074,4096,19322,79141552,1,19321,79138816,thin,0,False,False,0,L
/nix/store/5caplwxxb1qnjscim7cks1isnyklwaf5-swift-5.10.1,lib/lldb/swift/macosx/libswiftCore.dylib,arm64,8349008,False,2,4096,2019,8266752,2,0,0,fat32,8,False,False,0,C2
/nix/store/5caplwxxb1qnjscim7cks1isnyklwaf5-swift-5.10.1,lib/lldb/swift/macosx/libswiftDarwin.dylib,arm64,122192,False,2,4096,26,103712,1,0,0,fat32,8,False,False,0,C2
/nix/store/5caplwxxb1qnjscim7cks1isnyklwaf5-swift-5.10.1,lib/lldb/swift/macosx/libswiftDistributed.dylib,arm64,203264,False,2,4096,45,184176,1,0,0,fat32,8,False,False,0,C2
/nix/store/5caplwxxb1qnjscim7cks1isnyklwaf5-swift-5.10.1,lib/lldb/swift/macosx/libswiftObservation.dylib,arm64,161648,False,2,4096,35,142880,1,0,0,fat32,8,False,False,0,C2
/nix/store/5caplwxxb1qnjscim7cks1isnyklwaf5-swift-5.10.1,lib/lldb/swift/macosx/libswiftRegexBuilder.dylib,arm64,177344,False,2,4096,39,158448,1,0,0,fat32,8,False,False,0,C2
/nix/store/5caplwxxb1qnjscim7cks1isnyklwaf5-swift-5.10.1,lib/lldb/swift/macosx/libswiftSwiftOnoneSupport.dylib,arm64,439152,False,2,4096,103,418208,1,0,0,fat32,8,False,False,0,C2
/nix/store/5caplwxxb1qnjscim7cks1isnyklwaf5-swift-5.10.1,lib/lldb/swift/macosx/libswift_Backtracing.dylib,arm64,664704,False,2,4096,157,642032,1,0,0,fat32,8,False,False,0,C2
/nix/store/5caplwxxb1qnjscim7cks1isnyklwaf5-swift-5.10.1,lib/lldb/swift/macosx/libswift_Concurrency.dylib,arm64,778752,False,2,4096,185,755184,1,0,0,fat32,8,False,False,0,C2
/nix/store/5caplwxxb1qnjscim7cks1isnyklwaf5-swift-5.10.1,lib/lldb/swift/macosx/libswift_Differentiation.dylib,arm64,554832,False,2,4096,131,532992,1,0,0,fat32,8,False,False,0,C2
/nix/store/5caplwxxb1qnjscim7cks1isnyklwaf5-swift-5.10.1,lib/lldb/swift/macosx/libswift_RegexParser.dylib,arm64,1405264,False,2,4096,333,1360576,1,0,0,fat32,8,False,False,0,C2
/nix/store/5caplwxxb1qnjscim7cks1isnyklwaf5-swift-5.10.1,lib/lldb/swift/macosx/libswift_StringProcessing.dylib,arm64,1221360,False,2,4096,288,1178112,1,0,0,fat32,8,False,False,0,C2
/nix/store/f8916ng5b41vy8zipihapni7ggjkmskj-httptoolkit-1.26.0,Applications/HTTP Toolkit.app/Contents/Frameworks/Electron Framework.framework/Electron Framework,arm64,179856640,True,131074,4096,43570,178462256,1,38930,159457280,thin,0,False,False,0,L
/nix/store/2hsj528qqf0qndxfmlqhwv989w6b4n7s-shogihome-1.29.0,Applications/ShogiHome.app/Contents/Frameworks/Electron Framework.framework/Versions/A/Electron Framework,arm64,189241520,True,131074,4096,45844,187774368,1,36129,147984384,thin,0,False,False,0,L
/nix/store/l2738npx9g9wsb587qqkyaxgdal928k6-teams-for-linux-2.11.1,Applications/teams-for-linux.app/Contents/Frameworks/Electron Framework.framework/Versions/A/Electron Framework,arm64,179856640,True,131074,4096,43570,178462256,1,38930,159457280,thin,0,False,False,0,L
/nix/store/lh7hw0zhm2fxhwpqbv3qqyzh4qqac1p8-libtorch-2.9.0,lib/libomp.dylib,arm64,754912,False,2,4096,179,730928,1,0,0,thin,8,False,False,0,C2
/nix/store/4j2sgj1x9vc40x61iz99lriyzbz9lldn-vscode-extension-kilocode-Kilo-Code-7.2.20,share/vscode/extensions/kilocode.Kilo-Code/bin/kilo,arm64,102332704,True,131074,4096,24786,101520112,1,24785,101519360,thin,0,False,False,0,L
/nix/store/wz5br160dmx8af0jp5y9vgkbyy9khnbh-swift-5.10.1-lib,lib/swift/macosx/libswiftDistributed.dylib,arm64,203264,False,2,4096,45,184176,1,0,0,fat32,8,False,False,0,C2
/nix/store/wz5br160dmx8af0jp5y9vgkbyy9khnbh-swift-5.10.1-lib,lib/swift/macosx/libswiftObservation.dylib,arm64,161648,False,2,4096,35,142880,1,0,0,fat32,8,False,False,0,C2
/nix/store/wz5br160dmx8af0jp5y9vgkbyy9khnbh-swift-5.10.1-lib,lib/swift/macosx/libswiftRegexBuilder.dylib,arm64,177344,False,2,4096,39,158448,1,0,0,fat32,8,False,False,0,C2
/nix/store/wz5br160dmx8af0jp5y9vgkbyy9khnbh-swift-5.10.1-lib,lib/swift/macosx/libswift_Backtracing.dylib,arm64,664704,False,2,4096,157,642032,1,0,0,fat32,8,False,False,0,C2
/nix/store/wz5br160dmx8af0jp5y9vgkbyy9khnbh-swift-5.10.1-lib,lib/swift/macosx/libswift_Differentiation.dylib,arm64,554832,False,2,4096,131,532992,1,0,0,fat32,8,False,False,0,C2
/nix/store/wz5br160dmx8af0jp5y9vgkbyy9khnbh-swift-5.10.1-lib,lib/swift/macosx/libswift_RegexParser.dylib,arm64,1405264,False,2,4096,333,1360576,1,0,0,fat32,8,False,False,0,C2
/nix/store/wz5br160dmx8af0jp5y9vgkbyy9khnbh-swift-5.10.1-lib,lib/swift/macosx/libswift_StringProcessing.dylib,arm64,1221360,False,2,4096,288,1178112,1,0,0,fat32,8,False,False,0,C2
